{"readerId":1,"updateCount":1079,"updateTime":1477425198.827000000,"tag":"002420160011"}
{"readerId":1,"updateCount":1080,"updateTime":1477425208.609000000,"tag":"002420160002"}
{"readerId":1,"updateCount":1081,"updateTime":1477425210.964000000,"tag":"002420160005"}
{"readerId":1,"updateCount":1082,"updateTime":1477425211.765000000,"tag":"002420160010"}
{"readerId":1,"updateCount":1083,"updateTime":1477425238.284000000,"tag":"002420160003"}
{"readerId":1,"updateCount":1084,"updateTime":1477425240.492000000,"tag":"002420160015"}
{"readerId":1,"updateCount":1085,"updateTime":1477425243.957000000,"tag":"002420160013"}
{"readerId":1,"updateCount":1086,"updateTime":1477425253.726000000,"tag":"3039606283c6028000406a60"}
{"readerId":1,"updateCount":1087,"updateTime":1477425253.813000000,"tag":"002420160004"}
{"readerId":1,"updateCount":1088,"updateTime":1477425258.516000000,"tag":"002420160018"}
{"readerId":1,"updateCount":1089,"updateTime":1477425266.464000000,"tag":"002420160017"}
{"readerId":1,"updateCount":1090,"updateTime":1477425270.699000000,"tag":"002420160009"}
{"readerId":1,"updateCount":1091,"updateTime":1477425272.953000000,"tag":"002420160001"}
{"readerId":1,"updateCount":1092,"updateTime":1477425278.469000000,"tag":"002420160012"}
{"readerId":1,"updateCount":1093,"updateTime":1477425279.198000000,"tag":"002420160007"}
{"readerId":1,"updateCount":1094,"updateTime":1477425280.972000000,"tag":"002420160016"}
{"readerId":1,"updateCount":1095,"updateTime":1477425290.455000000,"tag":"002420160011"}
{"readerId":1,"updateCount":1096,"updateTime":1477425293.696000000,"tag":"002420160002"}
{"readerId":1,"updateCount":1097,"updateTime":1477425298.958000000,"tag":"002420160005"}
{"readerId":1,"updateCount":1098,"updateTime":1477425302.697000000,"tag":"002420160014"}
{"readerId":1,"updateCount":1099,"updateTime":1477425303.962000000,"tag":"002420160010"}
{"readerId":1,"updateCount":1100,"updateTime":1477425326.705000000,"tag":"002420160003"}
{"readerId":1,"updateCount":1101,"updateTime":1477425336.955000000,"tag":"002420160004"}
{"readerId":1,"updateCount":1102,"updateTime":1477425356.450000000,"tag":"002420160001"}
{"readerId":1,"updateCount":1103,"updateTime":1477425356.959000000,"tag":"002420160017"}
{"readerId":1,"updateCount":1104,"updateTime":1477425359.941000000,"tag":"002420160013"}
{"readerId":1,"updateCount":1105,"updateTime":1477425362.707000000,"tag":"002420160016"}
{"readerId":1,"updateCount":1106,"updateTime":1477425368.692000000,"tag":"002420160018"}
{"readerId":1,"updateCount":1107,"updateTime":1477425375.454000000,"tag":"002420160009"}
{"readerId":1,"updateCount":1108,"updateTime":1477425375.959000000,"tag":"002420160011"}
{"readerId":1,"updateCount":1109,"updateTime":1477425377.718000000,"tag":"002420160002"}
{"readerId":1,"updateCount":1110,"updateTime":1477425378.707000000,"tag":"002420160012"}
{"readerId":1,"updateCount":1111,"updateTime":1477425385.199000000,"tag":"002420160005"}
{"readerId":1,"updateCount":1112,"updateTime":1477425390.193000000,"tag":"002420160015"}
{"readerId":1,"updateCount":1113,"updateTime":1477425414.193000000,"tag":"002420160004"}
{"readerId":1,"updateCount":1114,"updateTime":1477425414.450000000,"tag":"3039606283c602c000411b21"}
{"readerId":1,"updateCount":1115,"updateTime":1477425415.200000000,"tag":"002420160014"}
{"readerId":1,"updateCount":1116,"updateTime":1477425417.457000000,"tag":"002420160007"}
{"readerId":1,"updateCount":1117,"updateTime":1477425418.195000000,"tag":"3039606283c86c400008c425"}
{"readerId":1,"updateCount":1118,"updateTime":1477425420.947000000,"tag":"002420160003"}
{"readerId":1,"updateCount":1119,"updateTime":1477425421.452000000,"tag":"303960624394804000097945"}
{"readerId":1,"updateCount":1120,"updateTime":1477425429.193000000,"tag":"002420160001"}
{"readerId":1,"updateCount":1121,"updateTime":1477425440.963000000,"tag":"002420160016"}
{"readerId":1,"updateCount":1122,"updateTime":1477425445.959000000,"tag":"002420160010"}
{"readerId":1,"updateCount":1123,"updateTime":1477425454.695000000,"tag":"002420160017"}
{"readerId":1,"updateCount":1124,"updateTime":1477425455.208000000,"tag":"002420160013"}
{"readerId":1,"updateCount":1125,"updateTime":1477425461.208000000,"tag":"002420160011"}
{"readerId":1,"updateCount":1126,"updateTime":1477425463.444000000,"tag":"002420160002"}
{"readerId":1,"updateCount":1127,"updateTime":1477425464.194000000,"tag":"002420160018"}
{"readerId":1,"updateCount":1128,"updateTime":1477425468.694000000,"tag":"002420160009"}
{"readerId":1,"updateCount":1129,"updateTime":1477425477.457000000,"tag":"002420160005"}
{"readerId":1,"updateCount":1130,"updateTime":1477425493.196000000,"tag":"002420160004"}
