{"readerId":2,"updateCount":1122,"updateTime":1477425275.434000000,"tag":"002420160004"}
{"readerId":2,"updateCount":1123,"updateTime":1477425276.417000000,"tag":"002420160015"}
{"readerId":2,"updateCount":1124,"updateTime":1477425276.434000000,"tag":"002420160013"}
{"readerId":2,"updateCount":1125,"updateTime":1477425289.594000000,"tag":"002420160018"}
{"readerId":2,"updateCount":1126,"updateTime":1477425294.323000000,"tag":"002420160001"}
{"readerId":2,"updateCount":1127,"updateTime":1477425294.416000000,"tag":"002420160017"}
{"readerId":2,"updateCount":1128,"updateTime":1477425302.794000000,"tag":"002420160016"}
{"readerId":2,"updateCount":1129,"updateTime":1477425307.552000000,"tag":"002420160012"}
{"readerId":2,"updateCount":1130,"updateTime":1477425309.289000000,"tag":"002420160009"}
{"readerId":2,"updateCount":1131,"updateTime":1477425314.051000000,"tag":"002420160011"}
{"readerId":2,"updateCount":1132,"updateTime":1477425315.075000000,"tag":"002420160002"}
{"readerId":2,"updateCount":1133,"updateTime":1477425315.551000000,"tag":"002420160007"}
{"readerId":2,"updateCount":1134,"updateTime":1477425318.788000000,"tag":"002420160005"}
{"readerId":2,"updateCount":1135,"updateTime":1477425328.306000000,"tag":"002420160014"}
{"readerId":2,"updateCount":1136,"updateTime":1477425332.537000000,"tag":"002420160010"}
{"readerId":2,"updateCount":1137,"updateTime":1477425350.292000000,"tag":"002420160003"}
{"readerId":2,"updateCount":1138,"updateTime":1477425358.038000000,"tag":"002420160004"}
{"readerId":2,"updateCount":1139,"updateTime":1477425358.575000000,"tag":"3039606283c602c000411b21"}
{"readerId":2,"updateCount":1140,"updateTime":1477425376.052000000,"tag":"002420160001"}
{"readerId":2,"updateCount":1141,"updateTime":1477425377.795000000,"tag":"002420160017"}
{"readerId":2,"updateCount":1142,"updateTime":1477425381.278000000,"tag":"002420160016"}
{"readerId":2,"updateCount":1143,"updateTime":1477425384.802000000,"tag":"002420160013"}
{"readerId":2,"updateCount":1144,"updateTime":1477425392.030000000,"tag":"002420160018"}
{"readerId":2,"updateCount":1145,"updateTime":1477425397.283000000,"tag":"002420160011"}
{"readerId":2,"updateCount":1146,"updateTime":1477425398.792000000,"tag":"002420160002"}
{"readerId":2,"updateCount":1147,"updateTime":1477425399.035000000,"tag":"002420160009"}
{"readerId":2,"updateCount":1148,"updateTime":1477425407.542000000,"tag":"002420160005"}
{"readerId":2,"updateCount":1149,"updateTime":1477425408.534000000,"tag":"002420160012"}
{"readerId":2,"updateCount":1150,"updateTime":1477425434.779000000,"tag":"002420160004"}
{"readerId":2,"updateCount":1151,"updateTime":1477425441.779000000,"tag":"002420160014"}
{"readerId":2,"updateCount":1152,"updateTime":1477425442.375000000,"tag":"002420160007"}
{"readerId":2,"updateCount":1153,"updateTime":1477425442.570000000,"tag":"3039606283c5968000092541"}
{"readerId":2,"updateCount":1154,"updateTime":1477425445.793000000,"tag":"002420160003"}
{"readerId":2,"updateCount":1155,"updateTime":1477425446.294000000,"tag":"303960624394804000097945"}
{"readerId":2,"updateCount":1156,"updateTime":1477425450.793000000,"tag":"002420160001"}
{"readerId":2,"updateCount":1157,"updateTime":1477425461.286000000,"tag":"002420160016"}
{"readerId":2,"updateCount":1158,"updateTime":1477425474.793000000,"tag":"002420160010"}
{"readerId":2,"updateCount":1159,"updateTime":1477425477.793000000,"tag":"002420160013"}
{"readerId":2,"updateCount":1160,"updateTime":1477425478.296000000,"tag":"30396062c3a465c00008901a"}
{"readerId":2,"updateCount":1161,"updateTime":1477425480.031000000,"tag":"002420160017"}
{"readerId":2,"updateCount":1162,"updateTime":1477425483.800000000,"tag":"002420160011"}
{"readerId":2,"updateCount":1163,"updateTime":1477425485.286000000,"tag":"002420160002"}
{"readerId":2,"updateCount":1164,"updateTime":1477425489.293000000,"tag":"002420160018"}
{"readerId":2,"updateCount":1165,"updateTime":1477425491.280000000,"tag":"002420160009"}
{"readerId":2,"updateCount":1166,"updateTime":1477425497.280000000,"tag":"002420160005"}
